snapshot,domain,probe,horizon_chunks,horizon_seconds,forecasts,gain_bits,gain_bits_per_feature_forecast,coefficient_cost_bits,net_gain_bits,pd_total,pd_per_feature_forecast,over_history_bits,over_unpenalized_baseline_bits
w0,output,output_slow,1,0.08533333333333333,204,276.01122766964556,0.10407663185129923,3120,-2843.9887723303545,0.08846513707360434,3.3357894824134365e-05,-2.107308406940719,-2.107308406940719
w0,output,output_slow,4,0.3413333333333333,201,137.5705372313974,0.0526485025761184,3120,-2982.4294627686027,0.044093120907499166,1.6874520056448207e-05,7.002459756708895,7.002459756708895
w0,output,output_slow,16,1.3653333333333333,189,8.735521360748876,0.0035553607491855418,3120,-3111.264478639251,0.0027998465899836144,1.1395387016620326e-06,-23.973682038024318,-71.16592001898766
w0,output,output_slow,64,5.461333333333333,141,17.639678503367552,0.009623392527750983,3120,-3102.3603214966324,0.005653743110053702,3.084420681971469e-06,-13.408221702363539,-52.848891012502946
w0,internal_to_output,output_slow,8,0.6826666666666666,25,38.09224142046851,0.11720689667836465,3120,-3081.9077585795317,0.01220905173732965,3.756631303793739e-05,-18.169098941229976,10.599804917380904
w0,internal_to_output,gru,8,0.6826666666666666,25,-136.79291270055072,-0.42090126984784837,3120,-3256.792912700551,-0.043843882275817536,-0.00013490425315636166,-193.0542530622492,-164.28534920363833
w0,internal_to_output,field_fine,8,0.6826666666666666,25,45.21394506547813,0.13911983097070194,3120,-3074.786054934522,0.014491649059448119,4.4589689413686515e-05,-11.047395296220358,17.72150856239052
w0,internal_to_output,field_meso,8,0.6826666666666666,25,50.934827015238085,0.15672254466227103,3120,-3069.065172984762,0.016325265068986565,5.0231584827650975e-05,-5.326513346460402,23.44239051215048
w0,internal_to_output,field_coarse,8,0.6826666666666666,25,25.203821488656775,0.07755021996509777,3120,-3094.7961785113434,0.008078147913031018,2.485583973240313e-05,-31.057518873041708,-2.28861501443083
w0,internal_to_output,morphic_delta_l01,8,0.6826666666666666,25,-456.4058912675047,-1.40432581928463,3120,-3576.4058912675046,-0.14628393950881563,-0.0004501044292578942,-512.6672316292033,-483.8983277705924
w0,internal_to_output,morphic_delta_l08,8,0.6826666666666666,25,-110.82711331842506,-0.34100650251823095,3120,-3230.8271133184253,-0.03552151067898239,-0.00010929695593533044,-167.0884536801235,-138.31954982151265
w0,internal_to_output,morphic_delta_l16,8,0.6826666666666666,25,-104.74352326995327,-0.32228776390754854,3120,-3224.743523269953,-0.03357164207370297,-0.00010329736022677838,-161.00486363165177,-132.2359597730409
w0,internal_to_output,morphic_output,8,0.6826666666666666,25,-114.10016814996615,-0.3510774404614343,3120,-3234.100168149966,-0.036570566714732744,-0.00011252482066071612,-170.36150851166462,-141.59260465305374
w0,internal_to_output,host,8,0.6826666666666666,25,22.33223679053004,0.06871457474009243,3120,-3097.6677632094697,0.007157768202092961,2.2023902160286037e-05,-33.929103571168454,-5.160199712557567
w0,internal_to_output,motif,8,0.6826666666666666,25,-182.44428218394503,-0.5613670221044462,3120,-3302.4442821839452,-0.05847573146921315,-0.00017992532759757892,-238.7056225456435,-209.93671868703262
w0,internal_to_output,decoder_control,8,0.6826666666666666,25,-43.14637515475585,-0.13275807739924878,3120,-3163.146375154756,-0.013828966395755081,-4.255066583309256e-05,-99.40771551645433,-70.63881165784348
w0,internal_to_output,synthesis_phase,8,0.6826666666666666,25,19.637077574827476,0.06042177715331531,3120,-3100.3629224251727,0.006293935120137012,1.936595421580619e-05,-36.624262786871014,-7.855358928260129
w0,internal_to_output,gru+field_coarse,8,0.6826666666666666,25,-124.42273153037654,-0.38283917393962014,3952,-4076.4227315303765,-0.03148348469898192,-9.687226061225206e-05,-180.68407189207505,-151.91516803346414
w0,internal_to_output,morphic_delta_l01+morphic_delta_l16,8,0.6826666666666666,25,-373.0582999527953,-1.1478716921624472,3952,-4325.058299952795,-0.09439734310546441,-0.00029045336340142894,-429.3196403144939,-400.550736455883
w0,internal_to_output,host+field_coarse,8,0.6826666666666666,25,11.16227773810614,0.034345469963403506,3952,-3940.8377222618938,0.0028244629904114727,8.690655355112224e-06,-45.099062623592346,-16.330158764981462
w0,internal_to_output,motif+gru,8,0.6826666666666666,25,-286.93799928323205,-0.8828861516407139,3952,-4238.937999283232,-0.07260576904940082,-0.00022340236630584868,-343.1993396449305,-314.4304357863196
w0,internal_to_output,output_slow,16,1.3653333333333333,24,33.02336824261373,0.1058441289827363,3120,-3086.9766317573863,0.01058441289827363,3.3924400314979586e-05,-15.089353717939193,1.5433516689918712
w0,internal_to_output,gru,16,1.3653333333333333,24,-174.89401694147543,-0.5605577466072931,3120,-3294.8940169414755,-0.05605577466072931,-0.00017966594442541444,-223.00673890202836,-206.3740335150973
w0,internal_to_output,field_fine,16,1.3653333333333333,24,35.971579769665325,0.11529352490277348,3120,-3084.0284202303346,0.011529352490277348,3.6953052853453036e-05,-12.141142190887601,4.491563196043461
w0,internal_to_output,field_meso,16,1.3653333333333333,24,32.36260731333212,0.10372630549144911,3120,-3087.6373926866677,0.01037263054914491,3.3245610734438816e-05,-15.750114647220808,0.8825907397102579
w0,internal_to_output,field_coarse,16,1.3653333333333333,24,45.79887489403538,0.14679126568601084,3120,-3074.201125105965,0.014679126568601084,4.704848259167014e-05,-2.3138470665175532,14.318858320413508
w0,internal_to_output,morphic_delta_l01,16,1.3653333333333333,24,-445.949758354768,-1.4293261485729742,3120,-3565.949758354768,-0.14293261485729744,-0.0004581173553118507,-494.06248031532095,-477.42977492838986
w0,internal_to_output,morphic_delta_l08,16,1.3653333333333333,24,-125.0932836775491,-0.4009400117870163,3120,-3245.093283677549,-0.040094001178701634,-0.0001285064140343001,-173.20600563810206,-156.57330025117096
w0,internal_to_output,morphic_delta_l16,16,1.3653333333333333,24,-136.97287502499324,-0.43901562508010655,3120,-3256.9728750249933,-0.04390156250801065,-0.00014071013624362389,-185.08559698554615,-168.4528915986151
w0,internal_to_output,morphic_output,16,1.3653333333333333,24,-137.24706034683902,-0.4398944241885866,3120,-3257.247060346839,-0.04398944241885866,-0.000140991802624547,-185.35978230739192,-168.72707692046086
w0,internal_to_output,host,16,1.3653333333333333,24,39.83355468411517,0.12767164962857427,3120,-3080.1664453158846,0.012767164962857427,4.092040052197893e-05,-8.279167276437752,8.353538110493313
w0,internal_to_output,motif,16,1.3653333333333333,24,-199.32602870150498,-0.6388654766073878,3120,-3319.326028701505,-0.06388654766073877,-0.00020476457583570122,-247.43875066205788,-230.8060452751268
w0,internal_to_output,decoder_control,16,1.3653333333333333,24,-77.18201243159174,-0.24737824497305047,3120,-3197.182012431592,-0.024737824497305046,-7.928789902982387e-05,-125.29473439214468,-108.6620290052136
w0,internal_to_output,synthesis_phase,16,1.3653333333333333,24,22.14431302800682,0.07097536226925263,3120,-3097.8556869719932,0.007097536226925263,2.2748513547837383e-05,-25.96840893254611,-9.335703545615043
w0,internal_to_output,gru+field_coarse,16,1.3653333333333333,24,-162.3234073195927,-0.5202673311525406,3952,-4114.323407319593,-0.041073736669937425,-0.00013164659189082506,-210.43612928014562,-193.80342389321456
w0,internal_to_output,morphic_delta_l01+morphic_delta_l16,16,1.3653333333333333,24,-360.54403646026526,-1.1555898604495682,3952,-4312.5440364602655,-0.09123077845654486,-0.00029240634120687454,-408.65675842081816,-392.02405303388707
w0,internal_to_output,host+field_coarse,16,1.3653333333333333,24,38.76085682540554,0.1242335154660434,3952,-3913.2391431745946,0.009807909115740268,3.1435606140193166e-05,-9.351865135147388,7.280840251783678
w0,internal_to_output,motif+gru,16,1.3653333333333333,24,-236.15536349338686,-0.7569082163249579,3952,-4188.155363493387,-0.05975591181512825,-0.00019152535838182132,-284.26808545393976,-267.6353800670087
w0,internal_to_output,output_slow,64,5.461333333333333,18,-1.6507816733389227,-0.0070546225356364215,3120,-3121.6507816733388,-0.0005290966901727316,-2.2610969665501352e-06,-10.50180974471111,-14.991038787400056
w0,internal_to_output,gru,64,5.461333333333333,18,-157.63721583005372,-0.67366331551305,3120,-3277.6372158300537,-0.05052474866347876,-0.00021591772933110578,-166.4882439014259,-170.97747294411485
w0,internal_to_output,field_fine,64,5.461333333333333,18,10.562878447847126,0.04514050618738088,3120,-3109.437121552153,0.0033855379640535662,1.4468110957493872e-05,1.7118503764749406,-2.777378666214008
w0,internal_to_output,field_meso,64,5.461333333333333,18,11.490490333315922,0.04910465954408513,3120,-3108.509509666684,0.0036828494658063854,1.5738672930796516e-05,2.6394622619437356,-1.8497667807452025
w0,internal_to_output,field_coarse,64,5.461333333333333,18,19.230327907066574,0.08218088849173749,3120,-3100.7696720929334,0.006163566636880312,2.6340028362736376e-05,10.379299835694388,5.890070793005447
w0,internal_to_output,morphic_delta_l01,64,5.461333333333333,18,-471.01284790842305,-2.0128754184120643,3120,-3591.0128479084233,-0.15096565638090484,-0.0006451523776961744,-479.86387597979524,-484.3531050224842
w0,internal_to_output,morphic_delta_l08,64,5.461333333333333,18,-138.8737111104385,-0.5934773979078569,3120,-3258.8737111104383,-0.044510804843089266,-0.0001902171147140567,-147.7247391818107,-152.21396822449964
w0,internal_to_output,morphic_delta_l16,64,5.461333333333333,18,-134.2422990257976,-0.5736850385717845,3120,-3254.2422990257974,-0.04302637789288384,-0.0001838734097986489,-143.09332709716978,-147.5825561398587
w0,internal_to_output,morphic_output,64,5.461333333333333,18,-143.90907693775713,-0.6149960552895604,3120,-3263.909076937757,-0.04612470414671703,-0.0001971141202851155,-152.76010500912932,-157.24933405181827
w0,internal_to_output,host,64,5.461333333333333,18,5.955044537781577,0.02544890828111785,3120,-3114.0449554622182,0.0019086681210838386,8.156701372153157e-06,-2.8959835335906057,-7.385212576279553
w0,internal_to_output,motif,64,5.461333333333333,18,-164.90434266880848,-0.7047194131145662,3120,-3284.9043426688086,-0.052853955983592465,-0.00022587160676748916,-173.75537074018067,-178.2445997828696
w0,internal_to_output,decoder_control,64,5.461333333333333,18,-129.72077325417203,-0.554362278863983,3120,-3249.720773254172,-0.041577170914798726,-0.00017768021758460994,-138.57180132554424,-143.06103036823313
w0,internal_to_output,synthesis_phase,64,5.461333333333333,18,-26.411318292766076,-0.11286888159301742,3120,-3146.4113182927663,-0.008465166119476307,-3.617592358750558e-05,-35.26234636413825,-39.7515754068272
w0,internal_to_output,gru+field_coarse,64,5.461333333333333,18,-157.12647808123924,-0.6714806755608514,3952,-4109.126478081239,-0.03975872421083989,-0.00016990907782410208,-165.97750615261145,-170.46673519530037
w0,internal_to_output,morphic_delta_l01+morphic_delta_l16,64,5.461333333333333,18,-408.46200893366927,-1.7455641407421763,3952,-4360.4620089336695,-0.10335577149131307,-0.0004416913311594576,-417.31303700504145,-421.80226604773037
w0,internal_to_output,host+field_coarse,64,5.461333333333333,18,20.399364545108988,0.08717677156029482,3952,-3931.600635454891,0.005161782526596404,2.205889968630942e-05,11.548336473736803,7.059107431047861
w0,internal_to_output,motif+gru,64,5.461333333333333,18,-193.1473255373469,-0.825415921099773,3952,-4145.147325537347,-0.048873311117749715,-0.00020886030392200736,-201.99835360871907,-206.48758265140802
w0,internal_to_output,output_slow,128,10.922666666666666,10,-21.46328448367902,-0.16510218833599244,3120,-3141.463284483679,-0.006879257847333019,-5.2917368056407836e-05,-22.006832541366705,-6.364838035288036
w0,internal_to_output,gru,128,10.922666666666666,10,-63.95134426734967,-0.4919334174411513,3120,-3183.9513442673497,-0.020497225726714637,-0.00015767096712857414,-64.49489232503737,-48.852897818958695
w0,internal_to_output,field_fine,128,10.922666666666666,10,-4.591993376398797,-0.03532302597229844,3120,-3124.591993376399,-0.0014717927488457684,-1.1321482683428987e-05,-5.135541434086484,10.506453071992176
w0,internal_to_output,field_meso,128,10.922666666666666,10,-4.119902274269818,-0.03169155595592168,3120,-3124.11990227427,-0.0013204814981634032,-1.0157549985872333e-05,-4.663450331957508,10.978544174121165
w0,internal_to_output,field_coarse,128,10.922666666666666,10,-4.284081031996664,-0.03295446947689741,3120,-3124.2840810319967,-0.0013731028948707254,-1.0562329960544042e-05,-4.827629089684354,10.814365416394306
w0,internal_to_output,morphic_delta_l01,128,10.922666666666666,10,-238.7172297411385,-1.8362863826241425,3120,-3358.7172297411385,-0.07651193260933926,-0.0005885533277641482,-239.2607777988262,-223.61878329274748
w0,internal_to_output,morphic_delta_l08,128,10.922666666666666,10,-88.44097538829459,-0.6803151952945737,3120,-3208.4409753882946,-0.02834646647060724,-0.00021804974208159414,-88.98452344598228,-73.34252893990362
w0,internal_to_output,morphic_delta_l16,128,10.922666666666666,10,-83.78920032121624,-0.6445323101632019,3120,-3203.7892003212164,-0.026855512923466746,-0.0002065808686420519,-84.33274837890394,-68.69075387282527
w0,internal_to_output,morphic_output,128,10.922666666666666,10,-91.18967395030056,-0.7014590303869274,3120,-3211.1896739503004,-0.02922745959945531,-0.00022482661230350235,-91.73322200798825,-76.09122750190957
w0,internal_to_output,host,128,10.922666666666666,10,1.7123022996273802,0.013171556150979848,3120,-3118.2876977003725,0.0005488148396241604,4.221652612493541e-06,1.1687542419396948,16.810748748018355
w0,internal_to_output,motif,128,10.922666666666666,10,-76.0196798911954,-0.5847667683938107,3120,-3196.019679891195,-0.02436528201640878,-0.00018742524628006754,-76.56322794888308,-60.92123344280441
w0,internal_to_output,decoder_control,128,10.922666666666666,10,-38.17518322154103,-0.29365525555031563,3120,-3158.175183221541,-0.012235635647929819,-9.412027421484475e-05,-38.71873127922873,-23.07673677315006
w0,internal_to_output,synthesis_phase,128,10.922666666666666,10,4.585556703070454,0.03527351310054195,3120,-3115.4144432969297,0.0014697297125225814,1.1305613173250624e-05,4.0420086453827615,19.68400315146143
w0,internal_to_output,gru+field_coarse,128,10.922666666666666,10,-66.30390936825495,-0.5100300720634996,3952,-4018.303909368255,-0.016777305002088804,-0.00012905619232376003,-66.84745742594262,-51.20546291986396
w0,internal_to_output,morphic_delta_l01+morphic_delta_l16,128,10.922666666666666,10,-236.0220900288768,-1.8155545386836676,3952,-4188.022090028877,-0.05972218877248907,-0.00045940145209606974,-236.56563808656443,-220.92364358048582
w0,internal_to_output,host+field_coarse,128,10.922666666666666,10,1.0815745361917206,0.008319804124551697,3952,-3950.9184254638085,0.00027367776725499,2.105213594269154e-06,0.5380264785040314,16.180020984582697
w0,internal_to_output,motif+gru,128,10.922666666666666,10,-111.57670142247116,-0.8582823186343935,3952,-4063.576701422471,-0.028232971007710314,-0.0002171767000593101,-112.12024948015886,-96.47825497408019
w128,output,output_slow,1,0.08533333333333333,204,-105.93811590135843,-0.039946499208657026,3120,-3225.9381159013583,-0.033954524327358473,-1.2803365130979816e-05,-20.318342329884494,-20.318342329884494
w128,output,output_slow,4,0.3413333333333333,201,-110.82071684364334,-0.042411296151413445,3120,-3230.8207168436434,-0.035519460526808766,-1.3593364151094053e-05,12.440776201045548,12.440776201045548
w128,output,output_slow,16,1.3653333333333333,189,-323.6196904265918,-0.13171334571696858,3120,-3443.6196904265917,-0.10372425975211275,-4.221581593492583e-05,-14.440717643993946,-437.450534609831
w128,output,output_slow,64,5.461333333333333,141,-289.1250445619596,-0.15773324853352952,3120,-3409.12504456196,-0.0926682835134486,-5.055552837613126e-05,-18.142586764822134,-18.142586764822134
w128,internal_to_output,output_slow,8,0.6826666666666666,25,12.93289051174072,0.039793509266894525,3120,-3107.067109488259,0.004145157215301513,1.2754329893235425e-05,-11.251716212634838,-29.621070072653346
w128,internal_to_output,gru,8,0.6826666666666666,25,-623.6045208437096,-1.918783141057568,3120,-3743.6045208437095,-0.19987324386016334,-0.0006149945964928102,-647.7891275680852,-666.1584814281036
w128,internal_to_output,field_fine,8,0.6826666666666666,25,-3.471429725413172,-0.01068132223204053,3120,-3123.471429725413,-0.0011126377325042216,-3.4235007153976054e-06,-27.65603644978873,-46.025390309807236
w128,internal_to_output,field_meso,8,0.6826666666666666,25,17.10119588231658,0.05261906425328179,3120,-3102.8988041176835,0.00548115252638352,1.6865084696564678e-05,-7.083410842058984,-25.452764702077488
w128,internal_to_output,field_coarse,8,0.6826666666666666,25,-50.179681627734446,-0.15439902039302905,3120,-3170.179681627734,-0.01608323129094053,-4.9486865510586236e-05,-74.36428835211001,-92.7336422121285
w128,internal_to_output,morphic_delta_l01,8,0.6826666666666666,25,-873.3881775440719,-2.6873482385971443,3120,-3993.388177544072,-0.27993210818720254,-0.0008613295636529308,-897.5727842684475,-915.942138128466
w128,internal_to_output,morphic_delta_l08,8,0.6826666666666666,25,-213.91915616362098,-0.6582127881957569,3120,-3333.9191561636208,-0.06856383210372467,-0.00021096563724222977,-238.1037628879965,-256.47311674801506
w128,internal_to_output,morphic_delta_l16,8,0.6826666666666666,25,-237.10113306603006,-0.7295419478954771,3120,-3357.10113306603,-0.07599395290577886,-0.0002338275474023965,-261.2857397904056,-279.6550936504241
w128,internal_to_output,morphic_output,8,0.6826666666666666,25,-249.5678037780745,-0.7679009347017677,3120,-3369.5678037780744,-0.0799896806981008,-0.00024612209445569477,-273.7524105024501,-292.1217643624686
w128,internal_to_output,host,8,0.6826666666666666,25,-7.122527969956762,-0.021915470676790037,3120,-3127.1225279699565,-0.0022828615288322954,-7.0241893194839865e-06,-31.307134694332323,-49.676488554350826
w128,internal_to_output,motif,8,0.6826666666666666,25,-553.9178829867465,-1.7043627168822968,3120,-3673.9178829867465,-0.1775377830085726,-0.0005462701015648387,-578.1024897111221,-596.4718435711407
w128,internal_to_output,decoder_control,8,0.6826666666666666,25,-126.68135274833169,-0.38978877768717446,3120,-3246.681352748332,-0.040602997675747335,-0.00012493230054076105,-150.86595947270723,-169.23531333272572
w128,internal_to_output,synthesis_phase,8,0.6826666666666666,25,2.5502998507520083,0.007847076463852333,3120,-3117.449700149248,0.0008174037983179513,2.515088610209081e-06,-21.634306873623547,-40.00366073364205
w128,internal_to_output,gru+field_coarse,8,0.6826666666666666,25,-722.8015961674947,-2.224004911284599,3952,-4674.801596167495,-0.18289514073064136,-0.0005627542791712042,-746.9862028918703,-765.3555567518888
w128,internal_to_output,morphic_delta_l01+morphic_delta_l16,8,0.6826666666666666,25,-852.9432618092133,-2.62444080556681,3952,-4804.943261809213,-0.2158257241420074,-0.0006640791512061766,-877.1278685335888,-895.4972223936072
w128,internal_to_output,host+field_coarse,8,0.6826666666666666,25,-54.95409175052286,-0.1690895130785319,3952,-4006.954091750523,-0.013905387588695056,-4.2785807965215563e-05,-79.13869847489843,-97.50805233491693
w128,internal_to_output,motif+gru,8,0.6826666666666666,25,-858.5372876006196,-2.6416531926172913,3952,-4810.5372876006195,-0.2172412164981325,-0.0006684345123019462,-882.7218943249952,-901.0912481850135
w128,internal_to_output,output_slow,16,1.3653333333333333,24,-4.519724345635611,-0.014486295979601316,3120,-3124.5197243456355,-0.0014486295979601316,-4.64304358320555e-06,-13.884099133068283,-45.85833914554293
w128,internal_to_output,gru,16,1.3653333333333333,24,-447.0199542894631,-1.4327562637482791,3120,-3567.019954289463,-0.1432756263748279,-0.00045921675120137154,-456.38432907689577,-488.3585690893704
w128,internal_to_output,field_fine,16,1.3653333333333333,24,-7.351126001576908,-0.023561301287105475,3120,-3127.351126001577,-0.0023561301287105475,-7.551699130482524e-06,-16.715500789009575,-48.68974080148423
w128,internal_to_output,field_meso,16,1.3653333333333333,24,-2.722166259407241,-0.008724891857074491,3120,-3122.7221662594075,-0.000872489185707449,-2.796439697780286e-06,-12.086541046839914,-44.06078105931456
w128,internal_to_output,field_coarse,16,1.3653333333333333,24,-37.076842194760516,-0.11883603267551447,3120,-3157.0768421947605,-0.011883603267551448,-3.8088472011382845e-05,-46.44121698219318,-78.41545699466784
w128,internal_to_output,morphic_delta_l01,16,1.3653333333333333,24,-734.5191184206424,-2.354227943655905,3120,-3854.5191184206424,-0.2354227943655905,-0.0007545602383512515,-743.8834932080752,-775.8577332205498
w128,internal_to_output,morphic_delta_l08,16,1.3653333333333333,24,-299.34762627198495,-0.9594475201025159,3120,-3419.347626271985,-0.09594475201025159,-0.00030751523080208845,-308.7120010594176,-340.68624107189225
w128,internal_to_output,morphic_delta_l16,16,1.3653333333333333,24,-302.5056924955498,-0.9695695272293262,3120,-3422.5056924955497,-0.09695695272293263,-0.0003107594638555533,-311.8700672829825,-343.84430729545716
w128,internal_to_output,morphic_output,16,1.3653333333333333,24,-315.81602017114744,-1.0122308338818828,3120,-3435.8160201711476,-0.10122308338818828,-0.00032443295957752653,-325.1803949585801,-357.15463497105475
w128,internal_to_output,host,16,1.3653333333333333,24,-37.33355414832535,-0.11965882739847868,3120,-3157.333554148325,-0.011965882739847868,-3.835218826874317e-05,-46.69792893575803,-78.67216894823268
w128,internal_to_output,motif,16,1.3653333333333333,24,-557.2476441259345,-1.786050141429277,3120,-3677.2476441259346,-0.1786050141429277,-0.0005724519684068195,-566.6120189133671,-598.5862589258418
w128,internal_to_output,decoder_control,16,1.3653333333333333,24,-97.82487637075042,-0.31354127041907187,3120,-3217.8248763707506,-0.03135412704190718,-0.0001004939969291897,-107.18925115818308,-139.16349117065772
w128,internal_to_output,synthesis_phase,16,1.3653333333333333,24,-13.073535954244802,-0.0419023588277077,3120,-3133.073535954245,-0.00419023588277077,-1.343024321400888e-05,-22.437910741677477,-54.41215075415214
w128,internal_to_output,gru+field_coarse,16,1.3653333333333333,24,-496.8798499458719,-1.5925636216213843,3952,-4448.879849945872,-0.1257287069701093,-0.00040297662490419646,-506.2442247333046,-538.2184647457792
w128,internal_to_output,morphic_delta_l01+morphic_delta_l16,16,1.3653333333333333,24,-701.1246799286621,-2.24719448695084,3952,-4653.124679928662,-0.1774100910750663,-0.0005686220867790587,-710.4890547160949,-742.4632947285694
w128,internal_to_output,host+field_coarse,16,1.3653333333333333,24,-60.32480626132886,-0.1933487380170797,3952,-4012.324806261329,-0.015264374053979974,-4.8924275814038385e-05,-69.68918104876153,-101.66342106123618
w128,internal_to_output,motif+gru,16,1.3653333333333333,24,-673.0877494046103,-2.1573325301429818,3952,-4625.087749404611,-0.17031572606391962,-0.0005458837373843577,-682.4521241920431,-714.4263642045178
w128,internal_to_output,output_slow,64,5.461333333333333,18,-7.335609368379568,-0.03134875798452807,3120,-3127.3356093683797,-0.002351156848839605,-1.0047678841194893e-05,-8.186343626806236,-54.92317579213387
w128,internal_to_output,gru,64,5.461333333333333,18,-327.64588380983025,-1.4001960846573942,3120,-3447.64588380983,-0.10501470634930457,-0.0004487807963645494,-328.4966180682569,-375.2334502335846
w128,internal_to_output,field_fine,64,5.461333333333333,18,-21.897996101746486,-0.09358117992199352,3120,-3141.8979961017467,-0.007018588494149515,-2.9993967923715874e-05,-22.74873036017316,-69.48556252550077
w128,internal_to_output,field_meso,64,5.461333333333333,18,-2.8582364671723175,-0.012214685757146656,3120,-3122.8582364671724,-0.0009161014317859992,-3.914963383700851e-06,-3.708970725598985,-50.445802890926615
w128,internal_to_output,field_coarse,64,5.461333333333333,18,12.392901977479791,0.052961119561879454,3120,-3107.6070980225204,0.003972083967140959,1.6974717808294697e-05,11.542167719053124,-35.1946644462745
w128,internal_to_output,morphic_delta_l01,64,5.461333333333333,18,-694.426159162886,-2.9676331588157523,3120,-3814.426159162886,-0.22257248691118142,-0.0009511644739794078,-695.2768934213127,-742.0137255866405
w128,internal_to_output,morphic_delta_l08,64,5.461333333333333,18,-227.48189444379068,-0.9721448480503875,3120,-3347.4818944437907,-0.07291086360377906,-0.000311584887195637,-228.33262870221733,-275.069460867545
w128,internal_to_output,morphic_delta_l16,64,5.461333333333333,18,-256.129822906282,-1.094571892761889,3120,-3376.1298229062822,-0.08209289195714167,-0.00035082432460316955,-256.9805571647086,-303.71738933003627
w128,internal_to_output,morphic_output,64,5.461333333333333,18,-266.33454411860833,-1.1381818124726852,3120,-3386.3345441186084,-0.08536363593545139,-0.0003648018629720145,-267.18527837703505,-313.9221105423627
w128,internal_to_output,host,64,5.461333333333333,18,-57.56374017053009,-0.24599888961764996,3120,-3177.5637401705303,-0.018449916721323747,-7.884579795437499e-05,-58.41447442895676,-105.15130659428439
w128,internal_to_output,motif,64,5.461333333333333,18,-391.9162344436569,-1.6748557027506705,3120,-3511.916234443657,-0.1256141777063003,-0.0005368127252405996,-392.76696870208355,-439.5038008674112
w128,internal_to_output,decoder_control,64,5.461333333333333,18,-158.794796060244,-0.6786102395736924,3120,-3278.794796060244,-0.050895767968026924,-0.000217503281914645,-159.64553031867067,-206.38236248399832
w128,internal_to_output,synthesis_phase,64,5.461333333333333,18,-24.652378680577097,-0.10535204564349188,3120,-3144.652378680577,-0.00790140342326189,-3.3766681295990986e-05,-25.503112939003767,-72.23994510433138
w128,internal_to_output,gru+field_coarse,64,5.461333333333333,18,-222.9694352028423,-0.9528608342001808,3952,-4174.969435202842,-0.05641939149869492,-0.00024110851067818338,-223.82016946126896,-270.5570016265966
w128,internal_to_output,morphic_delta_l01+morphic_delta_l16,64,5.461333333333333,18,-658.1131828369785,-2.8124494993033267,3952,-4610.113182836978,-0.16652661509032857,-0.0007116522012407203,-658.9639170954051,-705.7007492607328
w128,internal_to_output,host+field_coarse,64,5.461333333333333,18,-22.09498731132616,-0.09442302269797505,3952,-3974.0949873113263,-0.005590836870274838,-2.389246525758478e-05,-22.945721569752834,-69.68255373508046
w128,internal_to_output,motif+gru,64,5.461333333333333,18,-438.68431263541595,-1.8747192847667349,3952,-4390.684312635416,-0.11100311554539877,-0.00047437228865555034,-439.5350468938426,-486.2718790591702
w128,internal_to_output,output_slow,128,10.922666666666666,10,-46.39893606277196,-0.35691489279055355,3120,-3166.398936062772,-0.014871453866273063,-0.00011439579897133127,0.3345828252643326,-52.0160207422605
w128,internal_to_output,gru,128,10.922666666666666,10,-147.4415583433991,-1.1341658334107623,3120,-3267.4415583433993,-0.04725690972544843,-0.00036351469019575716,-100.70803945536284,-153.05864302288768
w128,internal_to_output,field_fine,128,10.922666666666666,10,-23.468826349004352,-0.18052943345387965,3120,-3143.4688263490043,-0.007522059727244985,-5.7861997901884505e-05,23.264692539031934,-29.0859110284929
w128,internal_to_output,field_meso,128,10.922666666666666,10,-27.236346989720722,-0.20951036145939017,3120,-3147.236346989721,-0.008729598394141258,-6.715075687800967e-05,19.497171898315568,-32.85343166920927
w128,internal_to_output,field_coarse,128,10.922666666666666,10,-46.78714078165386,-0.3599010829357989,3120,-3166.7871407816538,-0.014995878455658288,-0.00011535291119737145,-0.0536218936175854,-52.404225461142424
w128,internal_to_output,morphic_delta_l01,128,10.922666666666666,10,-379.73246373159947,-2.921018951781534,3120,-3499.7324637315996,-0.12170912299089727,-0.000936224023006902,-332.99894484356315,-385.34954841108794
w128,internal_to_output,morphic_delta_l08,128,10.922666666666666,10,-100.35630497809744,-0.7719715767545957,3120,-3220.3563049780973,-0.032165482364774824,-0.0002474267874213448,-53.62278609006116,-105.97338965758598
w128,internal_to_output,morphic_delta_l16,128,10.922666666666666,10,-96.15475945927454,-0.7396519958405734,3120,-3216.1547594592744,-0.030818833160023894,-0.00023706794738479918,-49.42124057123824,-101.7718441387631
w128,internal_to_output,morphic_output,128,10.922666666666666,10,-94.01723702429845,-0.7232095155715266,3120,-3214.0172370242985,-0.030133729815480275,-0.00023179792165754057,-47.283718136262166,-99.63432170378701
w128,internal_to_output,host,128,10.922666666666666,10,-56.602418527670096,-0.43540321944361615,3120,-3176.60241852767,-0.018141800810150672,-0.00013955231392423595,-9.86889963963381,-62.21950320715864
w128,internal_to_output,motif,128,10.922666666666666,10,-85.67775276700975,-0.6590596366693058,3120,-3205.6777527670097,-0.02746081819455441,-0.0002112370630350339,-38.94423387897345,-91.29483744649829
w128,internal_to_output,decoder_control,128,10.922666666666666,10,-58.393695504853824,-0.4491822731142602,3120,-3178.393695504854,-0.018715928046427507,-0.00014396867728021158,-11.660176616817532,-64.01078018434237
w128,internal_to_output,synthesis_phase,128,10.922666666666666,10,-51.29792650884779,-0.3945994346834445,3120,-3171.297926508848,-0.01644164311181019,-0.00012647417778315529,-4.564407620811494,-56.91501118833634
w128,internal_to_output,gru+field_coarse,128,10.922666666666666,10,-144.79368628522823,-1.1137975868094478,3952,-4096.793686285228,-0.03663807851346868,-0.00028183137318052833,-98.06016739719193,-150.41077096471673
w128,internal_to_output,morphic_delta_l01+morphic_delta_l16,128,10.922666666666666,10,-353.4226621071374,-2.7186358623625955,3952,-4305.4226621071375,-0.08942881126192748,-0.0006879139327840575,-306.6891432191011,-359.0397467866259
w128,internal_to_output,host+field_coarse,128,10.922666666666666,10,-58.12879703949693,-0.44714459261151485,3952,-4010.128797039497,-0.014708703704326146,-0.00011314387464866266,-11.395278151460634,-63.74588171898547
w128,internal_to_output,motif+gru,128,10.922666666666666,10,-145.7901914668831,-1.121463011283716,3952,-4097.790191466883,-0.03689023063433277,-0.0002837710048794828,-99.05667257884681,-151.40727614637166
