step,spectral,movement,compositional,aperture
0,0.39902323484420776,0.0,0.031921859830617905,0.05000000074505806
10,0.4149482846260071,4.898417949676514,1.0,1.0
20,0.46211355924606323,1.009082317352295,1.0,1.0
30,0.49113959074020386,0.21422071754932404,0.7185947895050049,0.3573625087738037
40,0.599384605884552,0.08029606938362122,0.593674898147583,0.2662319540977478
50,0.5764931440353394,0.0,0.5269837379455566,0.19760653376579285
60,0.4801006317138672,0.0,0.5050091743469238,0.26143714785575867
70,0.5451891422271729,0.0,0.5113816261291504,0.2586439549922943
80,0.5862778425216675,0.0,0.503903865814209,0.20702451467514038
90,0.41274744272232056,0.026508094742894173,0.4963867664337158,0.24491152167320251
100,0.5353775024414062,0.00339527428150177,0.4959821403026581,0.23696455359458923
110,0.5231483578681946,0.0,0.5104746222496033,0.22142425179481506
120,0.39954447746276855,0.0,0.49845650792121887,0.25503960251808167
130,0.3957536816596985,0.0,0.4930821359157562,0.24543559551239014
140,0.5396664142608643,0.0026028507854789495,0.49939003586769104,0.18156811594963074
150,0.4242250323295593,0.003778021316975355,0.4974944591522217,0.19185294210910797
160,0.4119507670402527,0.0,0.5117527842521667,0.2726689577102661
170,0.5271317958831787,0.0,0.5113816857337952,0.19378256797790527
180,0.5740236043930054,0.0,0.5351136922836304,0.21598313748836517
190,0.4150732159614563,0.016515661031007767,0.5222075581550598,0.21565315127372742
200,0.5898824334144592,0.0,0.514839768409729,0.18511711061000824
210,0.3739304542541504,0.01671125926077366,0.4990023672580719,0.2418413758277893
220,0.5098187923431396,0.00003761142579605803,0.5047179460525513,0.22759971022605896
230,0.4829161763191223,0.0,0.4888125956058502,0.21629410982131958
240,0.41341519355773926,0.0,0.4997774660587311,0.23427459597587585
250,0.62699294090271,0.0,0.5159478783607483,0.24918952584266663
260,0.4266282320022583,0.008467343635857105,0.49434947967529297,0.22375887632369995
270,0.512653112411499,0.02294645458459854,0.5022903084754944,0.18954229354858398
280,0.5439327359199524,0.012377431616187096,0.4945966303348541,0.1884695291519165
290,0.610084056854248,0.0,0.5214474201202393,0.2675459384918213
300,0.5888984203338623,0.019977204501628876,0.5227628350257874,0.239893838763237
310,0.6203553676605225,0.007701080292463303,0.5510520339012146,0.27280381321907043
320,0.5141687393188477,0.010643182322382927,0.5523500442504883,0.25393354892730713
330,0.47910451889038086,0.0,0.5563483238220215,0.2917894423007965
340,0.5224182605743408,0.0,0.5594366788864136,0.2565505802631378
350,0.6620879769325256,0.0,0.575027585029602,0.2827626168727875
360,0.7013282775878906,0.01304287277162075,0.6089925765991211,0.3172253668308258
370,0.5807497501373291,0.0,0.6158878207206726,0.3021441102027893
380,0.5648864507675171,0.0,0.6132069826126099,0.2843877375125885
390,0.7039210796356201,0.0,0.6023834347724915,0.2465418428182602
400,0.6351077556610107,0.03299598768353462,0.6186288595199585,0.2825186848640442
410,0.5835403800010681,0.018996698781847954,0.6253570914268494,0.2932836711406708
420,0.7193104028701782,0.023869967088103294,0.6536056995391846,0.32586386799812317
430,0.6462935209274292,0.027167974039912224,0.6449541449546814,0.3095853328704834
440,0.6816235780715942,0.0,0.658574104309082,0.28277719020843506
450,0.6735785007476807,0.0,0.6581143736839294,0.3074863851070404
460,0.7321444749832153,0.0,0.6744697093963623,0.2871166169643402
470,0.7940444946289062,0.012254717759788036,0.6972122192382812,0.3186280131340027
480,0.6626301407814026,0.016443263739347458,0.6877875924110413,0.3499860167503357
490,0.5949698686599731,0.07729707658290863,0.6868257522583008,0.3741350471973419
500,0.6399773359298706,0.022189239040017128,0.7069304585456848,0.3316935896873474
510,0.6471344232559204,0.0,0.7132479548454285,0.33271652460098267
520,0.7111718058586121,0.0,0.7190062999725342,0.3205817639827728
530,0.7209530472755432,0.0,0.7248581647872925,0.3436577618122101
540,0.7895321249961853,0.0,0.7397004961967468,0.3482966721057892
550,0.7061209082603455,0.0,0.7544253468513489,0.3500406742095947
560,0.6865192651748657,0.018679127097129822,0.753274142742157,0.3577066659927368
570,0.6999257802963257,0.0,0.744123101234436,0.3438076376914978
580,0.6867308020591736,0.004843129310756922,0.7245389223098755,0.3115687668323517
590,0.8203701376914978,0.0,0.7302324175834656,0.318589448928833
600,0.6510366201400757,0.013270087540149689,0.732032835483551,0.3110424280166626
610,0.8110435605049133,0.04243168607354164,0.732944667339325,0.3350300192832947
620,0.7074590921401978,0.0,0.7404853105545044,0.3284335732460022
630,0.691458523273468,0.0,0.7457785606384277,0.3605629503726959
640,0.7364717721939087,0.005835297983139753,0.7500450015068054,0.34336110949516296
650,0.7171630859375,0.025722799822688103,0.75456303358078,0.3614656329154968
660,0.7209837436676025,0.010438892990350723,0.7264891862869263,0.31954342126846313
670,0.6853784322738647,0.0,0.7373121380805969,0.36254215240478516
680,0.6982299089431763,0.0,0.7458963394165039,0.3672944903373718
690,0.7004905343055725,0.03502201288938522,0.7542262673377991,0.3292788863182068
700,0.8163717985153198,0.019192000851035118,0.7577918767929077,0.32873430848121643
710,0.7975198030471802,0.0,0.7711840867996216,0.3694964051246643
720,0.8221156001091003,0.0,0.7855402231216431,0.3531082272529602
730,0.7655456066131592,0.01743118092417717,0.8005110621452332,0.36930418014526367
740,0.8690494894981384,0.027469702064990997,0.8052811622619629,0.3697803020477295
750,0.7759856581687927,0.013850339688360691,0.8009331226348877,0.37124449014663696
760,0.7598189115524292,0.0020543772261589766,0.7944504618644714,0.36168214678764343
770,0.7394536733627319,0.0016022311756387353,0.7889659404754639,0.3732737898826599
780,0.8226220607757568,0.0,0.7924697399139404,0.3345649838447571
790,0.8283678889274597,0.0,0.804267406463623,0.34683698415756226
800,0.8077720403671265,0.0,0.8112724423408508,0.35825634002685547
810,0.8016970753669739,0.004338311962783337,0.8043677806854248,0.35426872968673706
820,0.7875125408172607,0.0,0.807558000087738,0.3603309988975525
830,0.79682457447052,0.0,0.791766881942749,0.33601197600364685
840,0.8214690089225769,0.0,0.8045588731765747,0.3632400929927826
850,0.8584524393081665,0.0,0.8166365027427673,0.378587543964386
860,0.8028953075408936,0.0,0.8054958581924438,0.3380535840988159
870,0.8392446041107178,0.024765729904174805,0.8107877969741821,0.34499281644821167
880,0.7830531597137451,0.0,0.811959981918335,0.38055774569511414
890,0.8148788213729858,0.0,0.8197978138923645,0.3568909466266632
900,0.8635631799697876,0.0,0.8127453327178955,0.3391515910625458
910,0.809780478477478,0.01032506674528122,0.8220999240875244,0.37654027342796326
920,0.8675583600997925,0.02748814970254898,0.834396481513977,0.38627108931541443
930,0.8319126963615417,0.05251612141728401,0.8410062193870544,0.41202324628829956
940,0.890871524810791,0.0024884031154215336,0.8470816612243652,0.3761655390262604
950,0.8558224439620972,0.0,0.8468841314315796,0.35869020223617554
960,0.8783262968063354,0.0,0.8427587151527405,0.38121575117111206
970,0.7841266989707947,0.01917540282011032,0.8392882943153381,0.37132978439331055
980,0.8346466422080994,0.0,0.8509657979011536,0.3944266438484192
990,0.8441035747528076,0.0,0.8534972071647644,0.3923056125640869
1000,0.8363131880760193,0.0071202898398041725,0.8520432710647583,0.3816893696784973
1010,0.8402159214019775,0.015214589424431324,0.857390820980072,0.4019629955291748
1020,0.8081006407737732,0.0,0.8561752438545227,0.3991994559764862
1030,0.8746175169944763,0.0,0.859897255897522,0.3660264015197754
1040,0.826323926448822,0.010051610879600048,0.8599549531936646,0.40289974212646484
1050,0.8286842107772827,0.01582980714738369,0.8560214042663574,0.39733946323394775
1060,0.8831238746643066,0.0,0.8633486032485962,0.37804150581359863
1070,0.8810307383537292,0.0,0.8659797310829163,0.38618868589401245
1080,0.8395593762397766,0.0179703738540411,0.8664716482162476,0.4099157154560089
1090,0.7936956882476807,0.04118148609995842,0.8652933239936829,0.4064646065235138
1100,0.9018582105636597,0.0024832370691001415,0.8635315895080566,0.3796672821044922
1110,0.8279080390930176,0.0,0.859717845916748,0.3936464190483093
1120,0.8281061053276062,0.0,0.8581939935684204,0.3818662166595459
1130,0.8796422481536865,0.030932659283280373,0.8589372634887695,0.3891544044017792
1140,0.8663116097450256,0.022717662155628204,0.8587033152580261,0.40637287497520447
1150,0.9079481363296509,0.0,0.8575074672698975,0.3793747127056122
1160,0.8970769047737122,0.0,0.8690425157546997,0.38580214977264404
1170,0.8575092554092407,0.0,0.8734415769577026,0.40652692317962646
1180,0.8294683694839478,0.005999555811285973,0.8736362457275391,0.396078497171402
1190,0.8661597967147827,0.0,0.8770468235015869,0.40008610486984253
1200,0.8455362319946289,0.0046790712513029575,0.8790130615234375,0.3923477530479431
1210,0.8730079531669617,0.018078917637467384,0.8711099028587341,0.40313419699668884
1220,0.8485383987426758,0.04413687437772751,0.8708924651145935,0.4241380989551544
1230,0.9002549052238464,0.0,0.8729724884033203,0.38834381103515625
1240,0.911290168762207,0.0013747643679380417,0.8836002945899963,0.39224478602409363
1250,0.905322253704071,0.0,0.8826678991317749,0.39577239751815796
1260,0.9011613726615906,0.002859777072444558,0.8830515742301941,0.4099350571632385
1270,0.8604981303215027,0.00885384064167738,0.8826352953910828,0.40520501136779785
1280,0.8755662441253662,0.0,0.8729674816131592,0.385257750749588
1290,0.8665193915367126,0.006859183311462402,0.8782921433448792,0.3992953896522522
1300,0.9024668335914612,0.0,0.8845013380050659,0.3987131714820862
1310,0.8968117833137512,0.023350415751338005,0.8791453838348389,0.41959452629089355
1320,0.9039304256439209,0.00016764478641562164,0.8808842897415161,0.38872092962265015
1330,0.8868836164474487,0.023028017953038216,0.8910002708435059,0.4044780731201172
1340,0.8894845247268677,0.0,0.8941541910171509,0.40698862075805664
1350,0.8668516278266907,0.0,0.8963931798934937,0.40789365768432617
1360,0.8806629776954651,0.0,0.889531672000885,0.3973906636238098
1370,0.9224991202354431,0.006533091887831688,0.8931732773780823,0.4037370979785919
1380,0.900853157043457,0.0011997451074421406,0.8979688882827759,0.41361117362976074
1390,0.8934256434440613,0.02600065991282463,0.8934664726257324,0.4141203463077545
1400,0.8492996692657471,0.0,0.890815794467926,0.41397231817245483
1410,0.8560863733291626,0.0,0.8796715140342712,0.37882310152053833
1420,0.9000269770622253,0.0,0.8850776553153992,0.3999759554862976
1430,0.9103745818138123,0.0,0.8883722424507141,0.4127022922039032
1440,0.8838446140289307,0.007380617316812277,0.8879405856132507,0.4076266586780548
1450,0.8657758831977844,0.060218311846256256,0.8937287330627441,0.43347251415252686
1460,0.898999810218811,0.023785842582583427,0.894435465335846,0.4068823456764221
1470,0.8460109829902649,0.01082702912390232,0.8978593945503235,0.41011518239974976
1480,0.9088385105133057,0.045413486659526825,0.8953638076782227,0.40548673272132874
1490,0.9336888790130615,0.0,0.9011097550392151,0.4153158962726593
1500,0.9269487261772156,0.0,0.905990481376648,0.39896059036254883
1510,0.8970423340797424,0.0,0.9048609137535095,0.405985027551651
1520,0.9106489419937134,0.009863000363111496,0.9077495336532593,0.42150717973709106
1530,0.9076162576675415,0.0017863287357613444,0.9086657762527466,0.41834649443626404
1540,0.9281437397003174,0.0,0.9043647050857544,0.41655877232551575
1550,0.8772921562194824,0.0,0.9033202528953552,0.41825786232948303
1560,0.9300995469093323,0.03011966496706009,0.9036028385162354,0.41455426812171936
1570,0.8692723512649536,0.0,0.9051641821861267,0.39963608980178833
1580,0.9302195906639099,0.0,0.9089241027832031,0.4030841290950775
1590,0.9296082854270935,0.0,0.9096412658691406,0.3975208103656769
1600,0.8803172707557678,0.0,0.8980130553245544,0.3996043801307678
1610,0.8826242685317993,0.019628606736660004,0.9026464819908142,0.4109835922718048
1620,0.9228090047836304,0.025121008977293968,0.9090100526809692,0.4197823405265808
1630,0.8964328765869141,0.05887467414140701,0.9120526313781738,0.42525482177734375
1640,0.9187708497047424,0.0,0.9132106900215149,0.4141045808792114
1650,0.9154939651489258,0.0,0.9190276861190796,0.42037639021873474
1660,0.9312843680381775,0.02997329644858837,0.9220082759857178,0.42235323786735535
1670,0.9264780879020691,0.05043680965900421,0.9154723882675171,0.42618733644485474
1680,0.9369059801101685,0.0,0.9197161197662354,0.4235462248325348
1690,0.9239994883537292,0.0,0.9132004380226135,0.40971890091896057
1700,0.9051442742347717,0.0,0.9120060801506042,0.42036157846450806
1710,0.917936384677887,0.0,0.9177291393280029,0.41881129145622253
1720,0.9160774350166321,0.0,0.9146991968154907,0.4227338135242462
1730,0.9144111275672913,0.03197817504405975,0.9174633622169495,0.4242287874221802
1740,0.899207592010498,0.01238180510699749,0.9181725382804871,0.4221433997154236
1750,0.9347105026245117,0.010661162436008453,0.9168363213539124,0.4264129400253296
1760,0.939895749092102,0.0,0.9191684126853943,0.4076748490333557
1770,0.9325016736984253,0.0,0.9245260953903198,0.41814666986465454
1780,0.9326971769332886,0.03393096104264259,0.9168696403503418,0.4268226623535156
1790,0.9393439292907715,0.01101415790617466,0.9247816801071167,0.43074578046798706
1800,0.9327153563499451,0.0,0.9240623712539673,0.42190447449684143
1810,0.926283597946167,0.0010078808991238475,0.9250373244285583,0.4107450842857361
1820,0.9034261703491211,0.0,0.9218401908874512,0.4165511429309845
1830,0.9393273591995239,0.0,0.9258994460105896,0.4231458902359009
1840,0.9073586463928223,0.0,0.921533465385437,0.4143558144569397
1850,0.9381771087646484,0.0,0.9242900609970093,0.41557514667510986
1860,0.9288569092750549,0.0019712611101567745,0.916981041431427,0.4108639657497406
1870,0.9334602952003479,0.03662770986557007,0.9201611876487732,0.41919150948524475
1880,0.9225156307220459,0.015464945696294308,0.9244551658630371,0.4236467480659485
1890,0.9278494715690613,0.015090757049620152,0.9266549348831177,0.417469322681427
1900,0.9093947410583496,0.0,0.9252009391784668,0.42111480236053467
1910,0.9184984564781189,0.0,0.9276280403137207,0.42137089371681213
1920,0.9147089719772339,0.022006630897521973,0.923240602016449,0.43028396368026733
1930,0.9243350028991699,0.0,0.9275211691856384,0.4243667721748352
1940,0.894607424736023,0.0,0.9194638133049011,0.4148204028606415
1950,0.905370831489563,0.005941424518823624,0.9218748211860657,0.4236524701118469
1960,0.9152523875236511,0.060654547065496445,0.9265668988227844,0.44899842143058777
1970,0.9547695517539978,0.0,0.9292146563529968,0.4058128595352173
1980,0.9473735094070435,0.08690819144248962,0.9303344488143921,0.45510655641555786
1990,0.9407936334609985,0.004617137368768454,0.9310733675956726,0.4191405177116394
2000,0.9292226433753967,0.0,0.9277724027633667,0.4191863536834717
2010,0.9559273719787598,0.0,0.9276977777481079,0.41245001554489136
2020,0.9389441609382629,0.001635307096876204,0.926912784576416,0.4011287987232208
2030,0.9318233728408813,0.018466947600245476,0.9259001612663269,0.4243936240673065
2040,0.95071941614151,0.007050638552755117,0.9269102811813354,0.4273415505886078
2050,0.9491130709648132,0.001191960647702217,0.9316573143005371,0.4219230115413666
2060,0.9455274939537048,0.02641846053302288,0.9307061433792114,0.4280863106250763
2070,0.9388935565948486,0.0,0.9323957562446594,0.4247690439224243
2080,0.922162652015686,0.050713688135147095,0.9286434054374695,0.44117605686187744
2090,0.9433859586715698,0.0,0.9324455261230469,0.42513352632522583
2100,0.9472889304161072,0.0,0.9327316284179688,0.4219054579734802
2110,0.9484949111938477,0.016959333792328835,0.9340189099311829,0.4206387400627136
2120,0.9313711524009705,0.020323697477579117,0.9346862435340881,0.4335855543613434
2130,0.9515209794044495,0.0,0.9324847459793091,0.4123985767364502
2140,0.9132487773895264,0.0,0.9289517402648926,0.425212025642395
2150,0.9403346180915833,0.0,0.935338020324707,0.42613485455513
2160,0.9271966218948364,0.014370863325893879,0.935411274433136,0.42638111114501953
2170,0.9554393291473389,0.0,0.9415307641029358,0.42617881298065186
2180,0.9192176461219788,0.006223333068192005,0.9383609890937805,0.4294956922531128
2190,0.9028135538101196,0.0019374758703634143,0.935304582118988,0.4193648099899292
2200,0.9466532468795776,0.0,0.9356834888458252,0.415030837059021
2210,0.9239474534988403,0.0,0.9328616857528687,0.4137904644012451
2220,0.9339914917945862,0.0,0.9365125894546509,0.42743903398513794
2230,0.9558472037315369,0.004579603206366301,0.9369013905525208,0.42845869064331055
2240,0.9560461640357971,0.00949214305728674,0.93626469373703,0.42918479442596436
2250,0.9279675483703613,0.0,0.9390841126441956,0.4261538088321686
2260,0.9473719596862793,0.0,0.9376217126846313,0.41821420192718506
2270,0.9297100305557251,0.0012707575224339962,0.935414731502533,0.4166296720504761
2280,0.9296115040779114,0.01336618885397911,0.9358353614807129,0.4340673089027405
2290,0.9358035922050476,0.008620033040642738,0.9352344274520874,0.4217119812965393
2300,0.9440798163414001,0.005544828716665506,0.9357771873474121,0.4196323752403259
2310,0.924769401550293,0.0,0.9374759197235107,0.4222652316093445
2320,0.9487816691398621,0.0,0.9408184289932251,0.4239344000816345
2330,0.9428465366363525,0.028781577944755554,0.9437412023544312,0.43899622559547424
2340,0.9398423433303833,0.03791724517941475,0.9394069314002991,0.4352683126926422
2350,0.9299302697181702,0.0,0.940485954284668,0.4244990348815918
2360,0.9135047197341919,0.01699221320450306,0.9403181672096252,0.4335084557533264
2370,0.9363429546356201,0.018817991018295288,0.9342119693756104,0.4192875623703003
2380,0.9086835384368896,0.0,0.9333082437515259,0.42267072200775146
2390,0.9467686414718628,0.00864198338240385,0.9377779364585876,0.4314309358596802
2400,0.9542173147201538,0.013488260097801685,0.9413222074508667,0.42285242676734924
2410,0.9596150517463684,0.0131954625248909,0.9444777965545654,0.4218020439147949
2420,0.9326071739196777,0.031524717807769775,0.9432491064071655,0.4349730312824249
2430,0.9640443325042725,0.0,0.9468013048171997,0.42563432455062866
2440,0.952279806137085,0.0,0.9438623785972595,0.4208052158355713
2450,0.9400757551193237,0.0,0.941737174987793,0.42191755771636963
2460,0.9230278730392456,0.006734360009431839,0.9423664212226868,0.42763376235961914
2470,0.9634010195732117,0.0,0.9422723054885864,0.41241300106048584
2480,0.9527918100357056,0.03331419825553894,0.9425013065338135,0.43081510066986084
2490,0.9453181624412537,0.0010662979912012815,0.9451388120651245,0.42940717935562134
2500,0.9367228150367737,0.0,0.9437598586082458,0.4289228320121765
2510,0.9444842338562012,0.0340254008769989,0.946040689945221,0.4345981180667877
2520,0.9425251483917236,0.009893343783915043,0.9449717998504639,0.4265812635421753
2530,0.9338425397872925,0.0,0.9409493803977966,0.41358864307403564
2540,0.9238231182098389,0.0016829574014991522,0.9446741938591003,0.42925506830215454
2550,0.9376513957977295,0.018393445760011673,0.9471695423126221,0.4388875961303711
2560,0.9358298182487488,0.027347376570105553,0.9473389387130737,0.4435425102710724
2570,0.9492406249046326,0.0,0.9508478045463562,0.4251248836517334
2580,0.9572333097457886,0.0,0.9509676098823547,0.42203953862190247
2590,0.9609163999557495,0.0,0.9470226764678955,0.42473304271698
2600,0.9585766792297363,0.0,0.9462268352508545,0.4129921495914459
2610,0.9579688906669617,0.0,0.9516111016273499,0.42697152495384216
2620,0.9526733756065369,0.0,0.949254035949707,0.4323517084121704
2630,0.9354448914527893,0.0,0.9489367604255676,0.4285282790660858
2640,0.9583892226219177,0.0005325282691046596,0.9480127692222595,0.42009806632995605
2650,0.9622296094894409,0.0007986092823557556,0.9483684301376343,0.4308938682079315
2660,0.9652338027954102,0.03250831365585327,0.9482917189598083,0.44286981225013733
2670,0.953919529914856,0.0,0.9482100009918213,0.43236491084098816
2680,0.9532855749130249,0.0029809088446199894,0.9473596215248108,0.42689788341522217
2690,0.9241524934768677,0.0,0.9483771324157715,0.4333229959011078
2700,0.9357563853263855,0.00009171720739686862,0.9497482180595398,0.4285142123699188
2710,0.9524440169334412,0.02399575524032116,0.9512073397636414,0.4339107573032379
2720,0.9593977928161621,0.0324304923415184,0.9483649730682373,0.4336017072200775
2730,0.9498412013053894,0.0,0.9493838548660278,0.43353813886642456
2740,0.9483175277709961,0.0,0.95003741979599,0.4267328977584839
2750,0.961567223072052,0.0,0.9555605053901672,0.43289467692375183
2760,0.9484903812408447,0.015439299866557121,0.950084924697876,0.4333864748477936
2770,0.9604583382606506,0.0397375114262104,0.9513260126113892,0.43823766708374023
2780,0.9657655954360962,0.0462864525616169,0.9492841362953186,0.4468342363834381
2790,0.9606754779815674,0.0,0.9505511522293091,0.43058186769485474
2800,0.9588460922241211,0.002571727614849806,0.950758159160614,0.4281994700431824
2810,0.9619821310043335,0.0,0.9534949064254761,0.4307166635990143
2820,0.952722430229187,0.0,0.9525299668312073,0.42889463901519775
2830,0.9631143808364868,0.013957463204860687,0.9494905471801758,0.42337530851364136
2840,0.9552478194236755,0.009633629582822323,0.9503529071807861,0.4399576783180237
2850,0.9390143752098083,0.0,0.9529311656951904,0.4241780936717987
2860,0.9483196139335632,0.0,0.9528200030326843,0.428377628326416
2870,0.9674754738807678,0.010114450938999653,0.9538336396217346,0.43487748503685
2880,0.9556528329849243,0.0,0.9537041187286377,0.43326884508132935
2890,0.9454358220100403,0.02253064513206482,0.9497406482696533,0.4326164424419403
2900,0.9542461633682251,0.005648632533848286,0.9496439695358276,0.43266957998275757
2910,0.9486090540885925,0.0021723113022744656,0.9484657049179077,0.42750078439712524
2920,0.9565169215202332,0.02233809046447277,0.9554084539413452,0.4411576986312866
2930,0.9496737122535706,0.0216685738414526,0.9535276889801025,0.43418726325035095
2940,0.9560348987579346,0.028946995735168457,0.9521061778068542,0.43530264496803284
2950,0.9613322019577026,0.0150037482380867,0.9534491300582886,0.4390498697757721
2960,0.9570610523223877,0.02294168248772621,0.9520416259765625,0.4316461384296417
2970,0.9686741828918457,0.0,0.9531368017196655,0.4241292178630829
2980,0.9540257453918457,0.0,0.9535637497901917,0.42974141240119934
2990,0.9462985992431641,0.029069656506180763,0.9521194696426392,0.4360898435115814
3000,0.9498907327651978,0.0,0.9546079635620117,0.4361017942428589
3010,0.960744321346283,0.0,0.9544257521629333,0.4340505003929138
3020,0.9487850069999695,0.0,0.9514312148094177,0.42803508043289185
3030,0.9637854695320129,0.0179199930280447,0.9538165330886841,0.43594300746917725
3040,0.9762247800827026,0.01997014507651329,0.9568572044372559,0.44300615787506104
3050,0.9418479800224304,0.0,0.9550145864486694,0.43251293897628784
3060,0.9612556099891663,0.0,0.9582502245903015,0.4329933524131775
3070,0.964177668094635,0.01214500330388546,0.956175684928894,0.43537628650665283
3080,0.9565581679344177,0.0,0.9558963775634766,0.4270716607570648
3090,0.943042516708374,0.01543034054338932,0.9529223442077637,0.43334078788757324
3100,0.9393274188041687,0.02702884003520012,0.9544512033462524,0.44518011808395386
3110,0.9576355218887329,0.015020093880593777,0.9554979205131531,0.43482816219329834
3120,0.9501609206199646,0.0,0.9561589360237122,0.42906904220581055
3130,0.9631054401397705,0.02935778722167015,0.9571136832237244,0.44473791122436523
3140,0.9653366208076477,0.012131973169744015,0.9565001726150513,0.4314541518688202
3150,0.961520254611969,0.004249058198183775,0.9582289457321167,0.4330406188964844
3160,0.946528434753418,0.0,0.957034170627594,0.4271703064441681
3170,0.9442861080169678,0.0031143808737397194,0.9585961103439331,0.4364001750946045
3180,0.9633889198303223,0.0,0.9590471982955933,0.43293339014053345
3190,0.9375630021095276,0.010851980186998844,0.9557518362998962,0.44169893860816956
3200,0.9668840765953064,0.0,0.9586085677146912,0.43383529782295227
3210,0.9594952464103699,0.0,0.9578654766082764,0.43140602111816406
3220,0.9670658707618713,0.01975923962891102,0.9598921537399292,0.4412503242492676
3230,0.9692590832710266,0.010528668761253357,0.9610809087753296,0.44026443362236023
3240,0.9562382102012634,0.022353067994117737,0.9613562226295471,0.4440438151359558
3250,0.971718430519104,0.02084331400692463,0.9633163809776306,0.4467952251434326
3260,0.9553741812705994,0.012400691397488117,0.9608649015426636,0.4346591830253601
3270,0.9730068445205688,0.0,0.9586824774742126,0.4321155846118927
3280,0.9619965553283691,0.0,0.9624994397163391,0.4371244013309479
3290,0.9499256610870361,0.0,0.9623948335647583,0.4340404272079468
3300,0.9545642137527466,0.0,0.9638033509254456,0.43756037950515747
3310,0.9439219832420349,0.007968941703438759,0.9619110822677612,0.43724724650382996
3320,0.9562293291091919,0.0,0.9587178826332092,0.4357791841030121
3330,0.9631552696228027,0.0,0.9596694707870483,0.4320492744445801
3340,0.9479584693908691,0.0,0.9590250253677368,0.43216434121131897
3350,0.9561993479728699,0.04587901383638382,0.9602811336517334,0.4498598277568817
3360,0.9520860910415649,0.010717988014221191,0.9612465500831604,0.44291868805885315
3370,0.9706258177757263,0.0,0.9648606777191162,0.43705663084983826
3380,0.9730539917945862,0.04783305153250694,0.9643514156341553,0.4517402946949005
3390,0.9586873650550842,0.0060631087981164455,0.9628801941871643,0.43919122219085693
3400,0.9520792961120605,0.0,0.9610993266105652,0.4344319701194763
3410,0.9459834098815918,0.0,0.9596700072288513,0.4296867251396179
3420,0.9689273238182068,0.0,0.962705135345459,0.4329623579978943
3430,0.9568458199501038,0.0,0.9599759578704834,0.42821139097213745
3440,0.9718990325927734,0.01995762810111046,0.9603306651115417,0.44214338064193726
3450,0.9581764936447144,0.0,0.9621003866195679,0.43581053614616394
3460,0.9707977771759033,0.0005241141770966351,0.9601168036460876,0.42765942215919495
3470,0.9391553401947021,0.026617800816893578,0.9591551423072815,0.44574877619743347
3480,0.962995707988739,0.004098616074770689,0.9616175293922424,0.43652409315109253
3490,0.9698843955993652,0.00641965726390481,0.9594867825508118,0.42842528223991394
3500,0.9668557047843933,0.06169337034225464,0.9607023596763611,0.4515162706375122
3510,0.9463545083999634,0.00045050805783830583,0.9608021974563599,0.4392526149749756
3520,0.965531587600708,0.0,0.9644508361816406,0.43722909688949585
3530,0.9684446454048157,0.0108537832275033,0.9639386534690857,0.44027090072631836
3540,0.9601938724517822,0.016555290669202805,0.9626291394233704,0.43746569752693176
3550,0.9497191309928894,0.027309197932481766,0.9634272456169128,0.44987016916275024
3560,0.9725355505943298,0.0,0.9647985100746155,0.43211841583251953
3570,0.963736355304718,0.0,0.9652125239372253,0.4339919090270996
3580,0.9655863642692566,0.0,0.9662587642669678,0.4350624084472656
3590,0.96905118227005,0.0,0.9669641256332397,0.4350986182689667
3600,0.9764654040336609,0.0,0.9652045369148254,0.42988529801368713
3610,0.9618450403213501,0.014646004885435104,0.9638968706130981,0.4420681297779083
3620,0.9500284194946289,0.0,0.9590034484863281,0.4290764629840851
3630,0.9668998122215271,0.005794999189674854,0.9627955555915833,0.4384593963623047
3640,0.9633215069770813,0.00899431761354208,0.9646888375282288,0.4360659718513489
3650,0.9606932401657104,0.020748833194375038,0.9616965651512146,0.4423433542251587
3660,0.9728331565856934,0.0,0.9624751806259155,0.43112581968307495
3670,0.9424834847450256,0.0,0.9627139568328857,0.4323909282684326
3680,0.9686695337295532,0.0034258104860782623,0.9618687629699707,0.4267445206642151
3690,0.9658922553062439,0.006745506078004837,0.9619487524032593,0.433845579624176
3700,0.965410590171814,0.016600007191300392,0.965640664100647,0.4419900178909302
3710,0.9726875424385071,0.0,0.9633440375328064,0.42913877964019775
3720,0.9668751955032349,0.0,0.9650890827178955,0.43686574697494507
3730,0.9739106297492981,0.03658214211463928,0.9661450982093811,0.44450220465660095
3740,0.9678265452384949,0.025621751323342323,0.9655024409294128,0.44783490896224976
3750,0.9393134713172913,0.001352689228951931,0.9639192223548889,0.43483707308769226
3760,0.9524917006492615,0.0,0.9646232724189758,0.43351325392723083
3770,0.9616036415100098,0.013758589513599873,0.9663435220718384,0.44116851687431335
3780,0.9553560614585876,0.03605644032359123,0.9650692939758301,0.4506092071533203
3790,0.9670575857162476,0.020689062774181366,0.962974488735199,0.43681660294532776
3800,0.9695726037025452,0.0,0.9631670713424683,0.4308927655220032
3810,0.9688349366188049,0.01600809581577778,0.9633527398109436,0.4411334693431854
3820,0.9716407656669617,0.005001113284379244,0.9636896848678589,0.43804484605789185
3830,0.9658179879188538,0.006030620075762272,0.9658665060997009,0.436275839805603
3840,0.9724835157394409,0.02174912951886654,0.9653336405754089,0.44610723853111267
3850,0.9690983891487122,0.001144703826867044,0.9636344313621521,0.4266870617866516
3860,0.9746178984642029,0.0,0.9666532278060913,0.4345162510871887
3870,0.9579236507415771,0.0015331199392676353,0.9646635055541992,0.43938466906547546
3880,0.9644570350646973,0.0,0.9674129486083984,0.4377231001853943
3890,0.972643256187439,0.0,0.9683346152305603,0.4388449192047119
3900,0.9691095948219299,0.010742997750639915,0.9659441113471985,0.43424496054649353
3910,0.9707915782928467,0.029073769226670265,0.9671079516410828,0.4449428915977478
3920,0.9637120962142944,0.015160880982875824,0.964255690574646,0.43481457233428955
3930,0.9675715565681458,0.04642561450600624,0.9648376703262329,0.4486032724380493
3940,0.9708203077316284,0.0,0.967197597026825,0.4388545751571655
3950,0.9689840078353882,0.0,0.9674417972564697,0.43465033173561096
3960,0.9634380340576172,0.01712798699736595,0.9669723510742188,0.4393189251422882
3970,0.9736984968185425,0.0,0.9672620892524719,0.4319849908351898
3980,0.9519416689872742,0.0,0.9652949571609497,0.43047893047332764
3990,0.973058819770813,0.005359373986721039,0.9667469263076782,0.43161290884017944
4000,0.9703965187072754,0.0,0.9704042077064514,0.43791675567626953
4010,0.9580844044685364,0.0,0.9688904285430908,0.43655696511268616
4020,0.9668127298355103,0.010830840095877647,0.9698362946510315,0.43747687339782715
4030,0.9707953333854675,0.004320982843637466,0.9694766998291016,0.43972116708755493
4040,0.9534226059913635,0.0,0.9669573307037354,0.4347779452800751
4050,0.971329391002655,0.0,0.9684233069419861,0.4382143020629883
4060,0.9681506752967834,0.0,0.969476044178009,0.4394848942756653
4070,0.9767472743988037,0.015545856207609177,0.9699052572250366,0.44294342398643494
4080,0.9805525541305542,0.0,0.9724891781806946,0.43866056203842163
4090,0.9608095288276672,0.017648348584771156,0.9695305228233337,0.44394734501838684
4100,0.9787126183509827,0.002239461988210678,0.9688315391540527,0.4396871030330658
4110,0.9658471941947937,0.0020494451746344566,0.9690508842468262,0.4387910068035126
4120,0.972866415977478,0.03794139623641968,0.9686993956565857,0.45118018984794617
4130,0.9650468230247498,0.007521247025579214,0.9686515927314758,0.44439810514450073
4140,0.9810308218002319,0.0,0.9710012078285217,0.4354490041732788
4150,0.9625231027603149,0.008643870241940022,0.967452883720398,0.43287426233291626
4160,0.9572890400886536,0.0,0.9656739234924316,0.43685585260391235
4170,0.9728274345397949,0.009380928240716457,0.9665112495422363,0.44262710213661194
4180,0.9642689228057861,0.05479958653450012,0.9676671624183655,0.4559912383556366
4190,0.9640077352523804,0.024561727419495583,0.9694977402687073,0.44998759031295776
4200,0.9757423400878906,0.0,0.9703511595726013,0.43934839963912964
4210,0.9637996554374695,0.0024830566253513098,0.9704423546791077,0.4395177364349365
4220,0.9749161601066589,0.0,0.9718252420425415,0.4372100830078125
4230,0.9784623980522156,0.0,0.9722797274589539,0.4396197199821472
4240,0.9763980507850647,0.0016717120306566358,0.9721171259880066,0.43404534459114075
4250,0.9721927642822266,0.018168652430176735,0.9720575213432312,0.44502347707748413
4260,0.9739789962768555,0.0,0.9725240468978882,0.43872854113578796
4270,0.9752631187438965,0.0,0.9725396633148193,0.4358261227607727
4280,0.9742688536643982,0.011065730825066566,0.9735469818115234,0.4440234303474426
4290,0.9726628065109253,0.012080486863851547,0.974324643611908,0.44576331973075867
4300,0.967422366142273,0.0,0.9724127650260925,0.43954500555992126
4310,0.959896445274353,0.009132436476647854,0.9710598587989807,0.4441668391227722
4320,0.9729122519493103,0.0,0.972262442111969,0.4381376802921295
4330,0.97495436668396,0.0,0.9703817367553711,0.4332977533340454
4340,0.9789674878120422,0.0,0.9735323190689087,0.44036638736724854
4350,0.9660442471504211,0.0,0.9721413850784302,0.43953293561935425
4360,0.9660434126853943,0.0,0.9716440439224243,0.4393045902252197
4370,0.9774311780929565,0.0,0.9724512696266174,0.4387519061565399
4380,0.9666398763656616,0.011185355484485626,0.9719035029411316,0.4418204128742218
4390,0.9615809917449951,0.0,0.9695069789886475,0.43595242500305176
4400,0.9767008423805237,0.007563213352113962,0.9719052910804749,0.4395217001438141
4410,0.9605083465576172,0.0,0.9718397855758667,0.44025570154190063
4420,0.9651597142219543,0.0,0.9705594182014465,0.43766146898269653
4430,0.9766745567321777,0.00225865188986063,0.9734851121902466,0.44226425886154175
4440,0.9813721776008606,0.01018330454826355,0.9742982387542725,0.43935906887054443
4450,0.9625123739242554,0.017010929062962532,0.9736502766609192,0.45087185502052307
4460,0.9611269235610962,0.0,0.9714804291725159,0.4378821551799774
4470,0.9809045195579529,0.029738299548625946,0.9710118174552917,0.4447581171989441
4480,0.97381991147995,0.012487183324992657,0.9720079302787781,0.44548529386520386
4490,0.9636905789375305,0.0008803695673123002,0.9729467034339905,0.44033071398735046
4500,0.9780347943305969,0.0,0.9719282388687134,0.4376593232154846
4510,0.9768948554992676,0.0,0.9736438393592834,0.4385928809642792
4520,0.9715530276298523,0.015351916663348675,0.9736167192459106,0.4423644542694092
4530,0.9847043752670288,0.0,0.9744875431060791,0.4386575222015381
4540,0.9778352975845337,0.0383942686021328,0.9731306433677673,0.4458296000957489
4550,0.9756820797920227,0.07456504553556442,0.9735999703407288,0.4711188077926636
4560,0.9757781028747559,0.0,0.974677324295044,0.4406712055206299
4570,0.9730619192123413,0.042148370295763016,0.9731113314628601,0.4552838206291199
4580,0.9683115482330322,0.0010817872826009989,0.9749304056167603,0.4433748424053192
4590,0.9760649800300598,0.0,0.9756271839141846,0.43938320875167847
4600,0.9826961755752563,0.03043566457927227,0.976590633392334,0.44989868998527527
4610,0.9640437364578247,0.0,0.9744030237197876,0.4400423765182495
4620,0.9699532985687256,0.0,0.9752793908119202,0.43964478373527527
4630,0.9772674441337585,0.0,0.9709787964820862,0.4339772164821625
4640,0.9779807925224304,0.006366842892020941,0.9728185534477234,0.4350593090057373
4650,0.973649799823761,0.0,0.9726532697677612,0.43945884704589844
4660,0.9796187281608582,0.0,0.9753223657608032,0.4411740303039551
4670,0.9742016792297363,0.0,0.9739667177200317,0.43616199493408203
4680,0.9794380068778992,0.0,0.9733629822731018,0.4384768009185791
4690,0.9772982597351074,0.03961736336350441,0.9742552042007446,0.4528786242008209
4700,0.9736135005950928,0.0038627954199910164,0.9724927544593811,0.44388076663017273
4710,0.9738162159919739,0.0012171526905149221,0.9724753499031067,0.43587726354599
4720,0.9771052598953247,0.03520171344280243,0.9745349884033203,0.45455583930015564
4730,0.970556914806366,0.02569921500980854,0.9737705588340759,0.44791072607040405
4740,0.976113498210907,0.0005178725114092231,0.974805474281311,0.44345083832740784
4750,0.9817131161689758,0.0,0.9744381308555603,0.4375188648700714
4760,0.9711991548538208,0.0,0.9737451672554016,0.44141000509262085
4770,0.9697432518005371,0.0,0.9748590588569641,0.44048038125038147
4780,0.9732924103736877,0.0,0.9750192761421204,0.4374167025089264
4790,0.9777141809463501,0.033340971916913986,0.9753831028938293,0.4516719579696655
4800,0.9822965860366821,0.0005512499483302236,0.9757930040359497,0.43980854749679565
4810,0.9762119650840759,0.0,0.9752120971679688,0.43858131766319275
4820,0.9821435809135437,0.022035036236047745,0.9756014943122864,0.4485752582550049
4830,0.9804348349571228,0.002646671375259757,0.9754559397697449,0.43710386753082275
4840,0.9800363779067993,0.0,0.9752671718597412,0.4380382299423218
4850,0.9774398803710938,0.0,0.9754977822303772,0.4413295090198517
4860,0.9803118705749512,0.0,0.9762935042381287,0.43997910618782043
4870,0.9691145420074463,0.0,0.9744795560836792,0.43935590982437134
4880,0.9812508821487427,0.0,0.9755665063858032,0.44133898615837097
4890,0.9622538685798645,0.0,0.9743177890777588,0.43969905376434326
4900,0.978633463382721,0.01997300609946251,0.9722048044204712,0.44705328345298767
4910,0.9785826206207275,0.0,0.9739269614219666,0.43831267952919006
4920,0.9830602407455444,0.0,0.9754338264465332,0.4354824423789978
4930,0.9709667563438416,0.0,0.9760173559188843,0.4386693835258484
4940,0.9667875170707703,0.03889397159218788,0.9747480750083923,0.4515230059623718
4950,0.962023913860321,0.0,0.9741013646125793,0.43837523460388184
4960,0.9602409601211548,0.0,0.975350558757782,0.44173288345336914
4970,0.9708617329597473,0.04128003865480423,0.9747867584228516,0.4592885971069336
4980,0.9806509613990784,0.0063917310908436775,0.9759780168533325,0.4403528571128845
4990,0.9701014161109924,0.010627426207065582,0.9756070971488953,0.44240275025367737
5000,0.9808754324913025,0.011679154820740223,0.9755404591560364,0.4388843774795532
5010,0.973607063293457,0.04542744904756546,0.9747049808502197,0.4600222110748291
5020,0.9778242111206055,0.0,0.9754337668418884,0.4389917552471161
5030,0.9797878861427307,0.03291458636522293,0.9753585457801819,0.44951483607292175
5040,0.9685367345809937,0.009963491931557655,0.9759083390235901,0.44927263259887695
5050,0.9760155081748962,0.0,0.9756197929382324,0.43616798520088196
5060,0.9831424355506897,0.013867098838090897,0.9767227172851562,0.4458214342594147
5070,0.9791117906570435,0.03520292043685913,0.9784194827079773,0.4560598134994507
5080,0.9811579585075378,0.004364711232483387,0.9781693816184998,0.4467849135398865
5090,0.9825340509414673,0.0,0.976981520652771,0.43900182843208313
5100,0.9761476516723633,0.0,0.9773210883140564,0.4370759129524231
5110,0.984496533870697,0.0,0.977200448513031,0.439960241317749
5120,0.9750438332557678,0.0,0.9762706160545349,0.4387742280960083
5130,0.9834827780723572,0.016915595158934593,0.9742547869682312,0.4411719739437103
5140,0.9754010438919067,0.0,0.9761071801185608,0.44150596857070923
5150,0.9806934595108032,0.014983574859797955,0.9767789840698242,0.4456043243408203
5160,0.9761117696762085,0.0,0.9780113101005554,0.44125524163246155
5170,0.9623831510543823,0.009104105643928051,0.9770714640617371,0.44212597608566284
5180,0.9827526807785034,0.03365086764097214,0.9780120849609375,0.45149528980255127
5190,0.98087078332901,0.0,0.978522777557373,0.4382517337799072
5200,0.978455126285553,0.0,0.9787155985832214,0.43689823150634766
5210,0.9690347909927368,0.02903331257402897,0.9771792888641357,0.4523477554321289
5220,0.9782509207725525,0.0,0.9776214361190796,0.4410870671272278
5230,0.97841876745224,0.02119321934878826,0.9767731428146362,0.44263872504234314
5240,0.9827192425727844,0.0007820588652975857,0.9768762588500977,0.4392894208431244
5250,0.9760084748268127,0.0030037143733352423,0.9761399626731873,0.44284874200820923
5260,0.9816310405731201,0.0,0.9759560227394104,0.4366275668144226
5270,0.9806141257286072,0.025545893236994743,0.9762049317359924,0.4460541903972626
5280,0.9777841567993164,0.016861962154507637,0.9771406054496765,0.449790894985199
5290,0.9815657138824463,0.012093333527445793,0.9772868156433105,0.44043028354644775
5300,0.9782384634017944,0.0094075882807374,0.9773857593536377,0.44564366340637207
5310,0.9795951843261719,0.0,0.9767568707466125,0.4383583068847656
5320,0.9740334153175354,0.000042141156882280484,0.9751077890396118,0.43887007236480713
5330,0.9777737259864807,0.04924602061510086,0.9754186272621155,0.45636311173439026
5340,0.9692859649658203,0.0,0.9755491018295288,0.43941599130630493
5350,0.9744294285774231,0.0,0.9763152599334717,0.4378819465637207
5360,0.9759029746055603,0.0,0.9763314723968506,0.4412345588207245
5370,0.9751260280609131,0.011472981423139572,0.9780281782150269,0.44300565123558044
5380,0.9842768907546997,0.028313804417848587,0.9787669777870178,0.45280247926712036
5390,0.9737110733985901,0.007348722778260708,0.9791966080665588,0.4443139433860779
5400,0.9805382490158081,0.004560497123748064,0.9791440963745117,0.4455392360687256
5410,0.9739589095115662,0.0,0.9788604974746704,0.4396337568759918
5420,0.9765998125076294,0.01387410331517458,0.9792013168334961,0.44688475131988525
5430,0.9712103605270386,0.0,0.9754384756088257,0.4352268874645233
5440,0.9795750379562378,0.0,0.9771856069564819,0.44075241684913635
5450,0.9744744300842285,0.03564323112368584,0.9768829345703125,0.449740469455719
5460,0.9807013273239136,0.034138984978199005,0.9774102568626404,0.4574396312236786
5470,0.9850569367408752,0.0073478082194924355,0.9776705503463745,0.4447559714317322
5480,0.9818423986434937,0.014456875622272491,0.9778797626495361,0.44290682673454285
5490,0.9807889461517334,0.03427722305059433,0.9767380356788635,0.4507044851779938
5500,0.9764941334724426,0.02149280719459057,0.978782594203949,0.44577017426490784
5510,0.9845693111419678,0.0027082019951194525,0.9796210527420044,0.4441260099411011
5520,0.980179488658905,0.0,0.978245735168457,0.439841091632843
5530,0.9728919863700867,0.0,0.9777791500091553,0.44001662731170654
5540,0.9859229922294617,0.0,0.9802703857421875,0.44244229793548584
5550,0.976045548915863,0.0034194826148450375,0.9787020087242126,0.43870779871940613
5560,0.9670549035072327,0.015406731516122818,0.9781873822212219,0.44793808460235596
5570,0.9815714359283447,0.026191435754299164,0.9788597822189331,0.45231953263282776
5580,0.981097936630249,0.0,0.978777289390564,0.43832290172576904
5590,0.9767880439758301,0.0,0.980068027973175,0.441495418548584
5600,0.9823126792907715,0.0,0.980347216129303,0.4417228400707245
5610,0.9773181080818176,0.0,0.9797793030738831,0.43897315859794617
5620,0.976010799407959,0.0,0.9801448583602905,0.4385398030281067
5630,0.9827832579612732,0.0,0.9808305501937866,0.44135844707489014
5640,0.9775931239128113,0.0352846197783947,0.9790930151939392,0.4516557455062866
5650,0.9856663346290588,0.0,0.9808498620986938,0.4419594705104828
5660,0.9855852127075195,0.0,0.9800990223884583,0.44261303544044495
5670,0.9805299639701843,0.02057577297091484,0.9795907735824585,0.4477500021457672
5680,0.981992244720459,0.004260035697370768,0.9786637425422668,0.4426509141921997
5690,0.9853237867355347,0.020647339522838593,0.9801697731018066,0.4493105113506317
5700,0.9784531593322754,0.040107619017362595,0.9790154099464417,0.4573165774345398
5710,0.9817835092544556,0.0,0.980776309967041,0.44370037317276
5720,0.982669472694397,0.0,0.9797558188438416,0.44089847803115845
5730,0.9828287363052368,0.0477786585688591,0.980477511882782,0.4610975682735443
5740,0.9792666435241699,0.0,0.9791533350944519,0.439081609249115
5750,0.9808460474014282,0.0,0.9809367060661316,0.44170311093330383
5760,0.985679030418396,0.0,0.9802798628807068,0.441478431224823
5770,0.9770331978797913,0.0,0.9785208702087402,0.4375772774219513
5780,0.9828952550888062,0.0,0.9799047112464905,0.4407059848308563
5790,0.9871228337287903,0.014749384485185146,0.9821251630783081,0.44421887397766113
5800,0.9720032811164856,0.032425038516521454,0.9798222780227661,0.45436766743659973
5810,0.97022944688797,0.006999466102570295,0.9789604544639587,0.4466516673564911
5820,0.9823035597801208,0.0,0.980380654335022,0.44222724437713623
5830,0.9866228103637695,0.006034135818481445,0.9817678332328796,0.4426601529121399
5840,0.9807478785514832,0.021891118958592415,0.9815350770950317,0.45128294825553894
5850,0.9791247844696045,0.030360586941242218,0.9803892970085144,0.4531095325946808
5860,0.9718986749649048,0.01930364966392517,0.98131263256073,0.452506959438324
5870,0.9811798930168152,0.005087463650852442,0.9817988276481628,0.4444303512573242
5880,0.9786456823348999,0.0,0.980146586894989,0.4405783414840698
5890,0.9822936058044434,0.0,0.9823934435844421,0.4420737624168396
5900,0.983341634273529,0.0012303227558732033,0.9820002317428589,0.43814101815223694
5910,0.9843711853027344,0.0,0.982089102268219,0.442144513130188
5920,0.985714316368103,0.0012805599253624678,0.9823060631752014,0.4430391788482666
5930,0.9828831553459167,0.0,0.981362521648407,0.4391065835952759
5940,0.9710696339607239,0.0,0.9801401495933533,0.44067615270614624
5950,0.9822806715965271,0.0,0.979597270488739,0.43757203221321106
5960,0.9800068736076355,0.02218526042997837,0.9798065423965454,0.45342448353767395
5970,0.9784913063049316,0.0022911028936505318,0.982180118560791,0.44252264499664307
5980,0.969243049621582,0.0,0.97984778881073,0.4415375292301178
5990,0.9792699813842773,0.0,0.9800121188163757,0.43779706954956055
6000,0.9829952716827393,0.022273484617471695,0.9802896976470947,0.4523760676383972
6010,0.9797844886779785,0.002953528892248869,0.980919361114502,0.4418221116065979
6020,0.9816317558288574,0.020314907655119896,0.980862021446228,0.4492301046848297
6030,0.9733519554138184,0.0,0.9808142185211182,0.442551851272583
6040,0.9863242506980896,0.0,0.9832287430763245,0.44357773661613464
6050,0.9791159629821777,0.031184881925582886,0.9813964366912842,0.453207790851593
6060,0.984020471572876,0.0025459618773311377,0.9828256368637085,0.4463403820991516
6070,0.977981686592102,0.0,0.9823356866836548,0.4393634796142578
6080,0.9785720705986023,0.0,0.9814820885658264,0.4427039623260498
6090,0.9814842939376831,0.0,0.9803707599639893,0.4384232759475708
6100,0.9804297685623169,0.014174256473779678,0.9817500114440918,0.44503775238990784
6110,0.9768129587173462,0.01205588597804308,0.9803992509841919,0.4460470676422119
6120,0.9838353991508484,0.0031144008971750736,0.9802188873291016,0.4442182779312134
6130,0.9766499996185303,0.0,0.9814239740371704,0.443487286567688
6140,0.978813886642456,0.02032037265598774,0.9826799035072327,0.4497101902961731
6150,0.9822760224342346,0.015287130139768124,0.9824826717376709,0.44711798429489136
6160,0.981060802936554,0.0,0.9823544025421143,0.443661093711853
6170,0.9820927381515503,0.0,0.9813024997711182,0.44057998061180115
6180,0.982359766960144,0.023511886596679688,0.9824450612068176,0.4487113952636719
6190,0.9876775145530701,0.0,0.9829970002174377,0.44352447986602783
6200,0.9764263033866882,0.0,0.9830819964408875,0.44265106320381165
6210,0.9761655330657959,0.008792117238044739,0.9830660820007324,0.44672366976737976
6220,0.9781205654144287,0.0,0.9829311370849609,0.44387903809547424
6230,0.9867249727249146,0.0,0.9829801917076111,0.44344377517700195
6240,0.9815407395362854,0.03417958691716194,0.9820418357849121,0.45598116517066956
6250,0.9839792251586914,0.0,0.9824905395507812,0.4420091509819031
6260,0.9804631471633911,0.012585104443132877,0.982214093208313,0.44303739070892334
6270,0.9797685742378235,0.005143894348293543,0.9819768667221069,0.4473820924758911
6280,0.9847150444984436,0.0,0.9827166199684143,0.442839115858078
6290,0.984774112701416,0.030476637184619904,0.9823745489120483,0.4550982713699341
6300,0.9836468696594238,0.0,0.9832676649093628,0.4420139491558075
6310,0.974833071231842,0.0,0.9805492162704468,0.44085559248924255
6320,0.9852403998374939,0.0,0.9809600710868835,0.4404725432395935
6330,0.9784866571426392,0.0011826580157503486,0.9815983772277832,0.44281578063964844
6340,0.9782963991165161,0.008015050552785397,0.9810476899147034,0.44706833362579346
6350,0.9855212569236755,0.0,0.9829315543174744,0.44289034605026245
6360,0.9873298406600952,0.0,0.9836667776107788,0.442616730928421
6370,0.9831852316856384,0.0,0.9818835258483887,0.4408814311027527
6380,0.9868764281272888,0.02651153691112995,0.9837513566017151,0.4535399377346039
6390,0.978043258190155,0.025143153965473175,0.983244001865387,0.4544910788536072
6400,0.986674964427948,0.0,0.9832903742790222,0.4405713677406311
6410,0.9833049178123474,0.01187810953706503,0.982286810874939,0.44270074367523193
6420,0.9785073399543762,0.03369855135679245,0.9820212721824646,0.459790974855423
6430,0.9741267561912537,0.0,0.9808363318443298,0.43941327929496765
6440,0.9774796366691589,0.042739760130643845,0.9823455810546875,0.45681530237197876
6450,0.9848172664642334,0.013174970634281635,0.9835559725761414,0.4505350589752197
6460,0.9840138554573059,0.018604449927806854,0.9832227230072021,0.4475712180137634
6470,0.9790514707565308,0.013694984838366508,0.9821748733520508,0.4507269263267517
6480,0.986802875995636,0.01118592731654644,0.9827671647071838,0.4473169445991516
6490,0.9861224889755249,0.014138064347207546,0.9830418825149536,0.4479175806045532
6500,0.9764390587806702,0.0,0.9818289875984192,0.4411420226097107
6510,0.9872271418571472,0.0,0.9829059839248657,0.4437026381492615
6520,0.9781079888343811,0.015290490351617336,0.9813768863677979,0.44580408930778503
6530,0.9737173318862915,0.0,0.9815475940704346,0.4431903064250946
6540,0.9812981486320496,0.0,0.9829990267753601,0.4430885314941406
6550,0.987742006778717,0.04034655913710594,0.9839316010475159,0.458945095539093
6560,0.9830303192138672,0.0,0.9837393164634705,0.4448288083076477
6570,0.9893513917922974,0.0,0.9843612909317017,0.44298094511032104
6580,0.974460244178772,0.0,0.9837319850921631,0.44395557045936584
6590,0.9822387099266052,0.0024526549968868494,0.9836037158966064,0.443167507648468
6600,0.9872394800186157,0.021561263129115105,0.9835311770439148,0.4521431028842926
6610,0.9876890182495117,0.004268494900316,0.9828028082847595,0.4454044997692108
6620,0.9803824424743652,0.004171449225395918,0.9830622673034668,0.44534844160079956
6630,0.9857448935508728,0.0,0.9828056693077087,0.44336703419685364
6640,0.9832557439804077,0.018885282799601555,0.9815820455551147,0.4492242932319641
6650,0.9803138375282288,0.021326003596186638,0.9818958640098572,0.4499877095222473
6660,0.9756657481193542,0.0,0.9823079705238342,0.4433220326900482
6670,0.9719635248184204,0.0,0.9825689196586609,0.44281506538391113
6680,0.9804801344871521,0.0,0.9833780527114868,0.44281086325645447
6690,0.9863973259925842,0.028170781210064888,0.9828097224235535,0.45286834239959717
6700,0.9836809039115906,0.02685122936964035,0.9821569323539734,0.4532891809940338
6710,0.9778433442115784,0.005257078912109137,0.9811857342720032,0.44171231985092163
6720,0.984646201133728,0.03679900988936424,0.9831611514091492,0.4563482999801636
6730,0.9901383519172668,0.009180583991110325,0.9832378625869751,0.4510490894317627
6740,0.9834877848625183,0.0326366163790226,0.9849778413772583,0.4530869424343109
6750,0.9808478951454163,0.0,0.9847854375839233,0.4458281993865967
6760,0.9863611459732056,0.0,0.9853143692016602,0.4441416263580322
6770,0.9840365052223206,0.0,0.984468400478363,0.44349920749664307
6780,0.9764488935470581,0.0,0.9847844839096069,0.44449466466903687
6790,0.981312096118927,0.002883687149733305,0.9832324385643005,0.4431295394897461
6800,0.9848493933677673,0.0,0.9830683469772339,0.4409944415092468
6810,0.9876033067703247,0.0,0.9849433898925781,0.44456350803375244
6820,0.9883923530578613,0.050167232751846313,0.9844728112220764,0.46087560057640076
6830,0.9836540222167969,0.005203707609325647,0.9841275215148926,0.44369369745254517
6840,0.9858225584030151,0.02243969589471817,0.9837377667427063,0.4516972303390503
6850,0.9862106442451477,0.0,0.9852242469787598,0.44379186630249023
6860,0.9818768501281738,0.0,0.9841114282608032,0.4438522160053253
6870,0.9847136735916138,0.013715504668653011,0.9844552278518677,0.44552022218704224
6880,0.9842095971107483,0.020812826231122017,0.9843548536300659,0.45443233847618103
6890,0.9888240694999695,0.0,0.9854212403297424,0.44365501403808594
6900,0.9864563941955566,0.00317306537181139,0.9847396016120911,0.4442465901374817
6910,0.9809797406196594,0.0018462998559698462,0.9848505854606628,0.445667564868927
6920,0.9843592047691345,0.034836139529943466,0.9836801290512085,0.456587016582489
6930,0.9809251427650452,0.027159444987773895,0.9842240214347839,0.45676523447036743
6940,0.9867310523986816,0.0,0.9843353033065796,0.4405077397823334
6950,0.9849125742912292,0.0028340239077806473,0.9843311309814453,0.44324013590812683
6960,0.9890123009681702,0.0064577944576740265,0.9841172695159912,0.44226792454719543
6970,0.9843634366989136,0.0,0.9847023487091064,0.44316160678863525
6980,0.9839556813240051,0.015439947135746479,0.9844868779182434,0.4470836818218231
6990,0.9870386719703674,0.019795186817646027,0.9845624566078186,0.4532589614391327
7000,0.9854474663734436,0.024132495746016502,0.9853768944740295,0.4528450667858124
7010,0.9817900061607361,0.0,0.9841917753219604,0.4421859383583069
7020,0.9871216416358948,0.0,0.9833587408065796,0.44210827350616455
7030,0.984437882900238,0.0,0.9839490652084351,0.44350650906562805
